RECRUITED_PERCENTAGE_LESS_THAN;Нами было мобилизовано менее §Y$VAL$§W% потенциальных новобранцев.\n;X
RECRUITED_PERCENTAGE_MORE_THAN;Нами было мобилизовано более §Y$VAL$§W% потенциальных новобранцев.\n;X
SEPARATISM_TECH;Сепаратизм;X
INC_RES_TECH;Очки исследования;X
TOTAL_POPS_NOT_TR;Меньше чем §Y$VAL$ §W трещат в $WHERE$.\n;X
TOTAL_POPS_TR;По крайней мере, §Y$VAL$ §W трещит в $WHERE$.\n;X
IS_CRIME_NOT_HIGHER_THAN_EDU_TR;Больше очков на §Yобразование§W чем на управление.\n;X
IS_CRIME_HIGHER_THAN_EDU_TR;Больше очков на §Yуправление§W чем на образование.\n;X
ANY_AT_WAR_STARTS;Эта страна воюет с;X
REBEL_POWER_LESS_THAN;Угроза восстания меньше, чем §Y$VAL$§W процентов.;X
REBEL_POWER_MORE_THAN;Угроза восстания больше, чем §Y$VAL$§W процентов.;X
POP_TYPE_PERC_NOT;$NAME$ меньше, чем §Y$VAL$%§W.\n;X
POP_TYPE_PERC;$NAME$ больше, чем §Y$VAL$%§W.\n;X
MAJORITY_IS;Большинство населения;X
MAJORITY_IS;Большинство населения не;X
ICL;Исландия;X
ICL_ADJ;Исландск.;X
ISR;Израиль;X
ISR_ADJ;Еврейск.;X
BYZ;Византия;X
BYZ_ADJ;Византийск.;X
BYZ_conservative;Сторонники Глюксбургов;X
BYZ_reactionary;Сторонники Палеологов;X
BYZ_liberal;Эллинистическая партия;X
BYZ_anarcho_liberal;Сторонники принципата;X
BYZ_socialist;Федерация независимых профсоюзов;X
BYZ_communist;Коммунистическая партия;X
BYZ_fascist;Национально-державная партия;X
ISR_conservative;Херут;X
ISR_reactionary;Мафдал;X
ISR_liberal;Кадима;X
ISR_anarcho_liberal;Моледет;X
ISR_socialist;Авода;X
ISR_communist;Мапам;X
ISR_fascist;Ха-тиква;X
ICL_conservative;Партия независимости;X
ICL_reactionary;Традиционалистская партия;X
ICL_liberal;Прогрессивная партия;X
ICL_anarcho_liberal;Объединённые правые;X
ICL_socialist;Объединённые левые;X
ICL_communist;Марксистская рабочая партия;X
ICL_fascist;Нордическая партия жизни;X
ANY_CORE_LIMITED;Для любого ядра это есть\n;X
ANY_CORE_NORMAL;Все основные области будут get\n;X
POLITICS_NOT_BEFORE;Мы не можем сменить правящую партию снова перед §Y$DATE$ §W.;X
POLITICS_NOT_ACCEPTED;Наша форма правления не дозволяет §Y$WHICH$ §W партии.;X
RELEASE_PRESTIGE;Престиж: ;X
RELEASE_INFAMY;Позор: ;X
PROV3247;Западные Гавайи;X
PROV3248;Запад мыса Магеллана;X
EVTDESC1002;Группа либералов, рассерженная отсутствием экономической свободы, имедленным  темпом парламентских реформ, сформировали новую фракцию в политике $COUNTRY_ADJ$. Либертарианцы - революционный авангард либеральной идеологии, и они пойдут на любые средства, чтобы добиться реализации идей экономической и политической свободы и в $COUNTRY$, и за границей.;X
SOMEONE_HAS_ADDED_STATUS_QUO;Мы не можем добавить военную цель, если кто-то добавил военную цель §YStatus Quo§W;X
NO_INTERVENTION_NOT_ENOUGH_OPINION;Чтобы вмешаться, у страны, предназначенной военной целью, должен быть, по крайней мере, §Y$REQLEVEL$ §W мнение нас;X
peking_convention_title;Пекинская конвенция;X
peking_convention_desc;С момента Нерчинского соглашения (1689), Российская империя признала реку Айгунь и горы естественными границами между Россией и Китаем. В середине 19-ого столетия русские перешли данные границы, чтобы захватить обширные земли между горами и Амуром. Позднее Западный альянс провел против Китая Вторую Опиумную войну, сжег летние дворцы китайского Императора, и вошел в Пекин. Хитрый генерал - майор по имени Николей Игнатьев был убежден, что только российская поддержка Китая заставит союзников покинуть Пекин. Ценой за эту поддержку было заключение Пекинской конвенции, подтверждающей присоединение к России территории между Рекой Уссури и Tихим океаном. Таким образом, Россия приобрела 350 000 квадратных миль территории, не совершив ни единого выстрела.;X
russian_vladivostok_title;Правитель Востока;X
russian_vladivostok_desc;В июле 1860 город Владивосток, или “Правитель Востока,” был основан около корейской границы. Он стал главным российским торговым портом и верфью. В конечном счете он стал причиной строительства межконтинентальной железной дороги для связи с этим научным, культурным и крупным индустриальным центром. Царь мечтал, что город станет центром, соединяющим запад с востоком. Возможно, железная дорога во Владивосток в конечном счете заменит Суэцкий канал в качестве обменного пункта товаров и сырья между Востоком и Западом?;X
EVTNAME80000;Пекинская конвенция;X
EVTDESC80000;Русские потребовали, чтобы мы согласились на уступку нашей законной территории. Это возмутительно, но у нас нет никакого выбора, кроме как принять их требования. Если мы это сделаем, то они должны гарантировать нашу независимость от остальных европейских держав. Кроме того, мы слишком слабы, чтобы воевать, если русские решат этот вопрос силой.;X
EVTOPTA80000;У нас нет выбора, подписываем соглашение.;X
EVTOPTB80000;Русские, идите нахуй!;X
EVTNAME80001;Китай отклонил конвенцию;X
EVTDESC80001;Неблагодарные китайцы лучше наблюдали бы, как горят их города, чем согласятся на наши законные требования! Нам, вероятно, придется научить уму-разуму наших глупых азиатских соседей.;X
EVTOPTA80001;Где русский флаг уже поднят, там он не должен быть опущен никогда!;X
OL_SIEGES;Оккупация;X
IS_NOT_BIG_PROD_TRIG;Мелкий производитель §Y$VAL$§W.\n;X
IS_BIG_PROD_TRIG;Крупный производитель §Y$VAL$§W.\n;X
HAVE_LOWER_RANK_THAN;Более низкий разряд чем;X
HAVE_HIGHER_RANK_THAN;Более высокий разряд чем;X
MUST_NEGOTIATE_WITH_WAR_LEADER_STATUS_QUO;Мы должны провести переговоры с державой §YWar leader§W т.к. мы являемся объектом военных претензий и нашим лидером выдвинут §YStatus Quo§W.;X
law_of_guarantees_title;Закон о Гарантиях;X
law_of_guarantees_desc;"13 мая 1871 итальянской стороной в одностороннем порядке был принят ""Закон о Гарантиях"", ставивший своей целью разрешить ""римский вопрос"". Папа Римский получал привелегии, аналогичные королю Италии - содержание в размере трёх миллионов лир, право принимать и посылать послов, свободу проведения конклавов, свободу почтовой и телеграфной связи с другими государствами.  И хотя папа Пий IX отказался принять закон, столицей молодого Итальянского королевства становился Рим, и уж с этим Папа ничего поделать не мог.";X
form_byzantine_empire_title;"Царь Царей, Король Королей";X
form_byzantine_empire_desc;После гибели Османской империи, претензии турецких владык на римские имперские титулы стали лишь воспоминаниями. Константинополь снова стал греческим, после нескольких веков оккупации турецкими варварами. А это значит что мы, гордые потомки великих ромеев, можем провозгласить восстановление великого государства наших предков - Византийской Империи!;X
form_israel_title;Декларация Бальфура;X
form_israel_desc;Правительство Его Величества с одобрением рассматривает вопрос о создании в Палестине национального очага для еврейского народа и приложит все усилия для содействия достижению этой цели...'\n\nТак как мы оказываем значительное влияние на Иудею и Левант, древнюю родину еврейского народа, мы можем выразить благоприятственное отношение к восстановлению там еврейского государства.;X
BYZ_absolute_monarchy;Византия;X
BYZ_proletarian_dictatorship;Содружество Красныx Фем;X
BAB;Вавилон;X
BAB_ADJ;Вавилонск.;X
BAB_conservative;Партия Свода Законов;X
BAB_liberal;Партия Висячиx Садов;X
BAB_reactionary;Служители Xаммурапи;X
BAB_communist;Фракция Зиккурата;X
BAB_anarcho_liberal;Народнынй фронт Aма-Ги;X
BAB_socialist;Строители Башни;X
BAB_fascist;Сторонники Навуходоносора;X
build_the_tower_of_babylon_title;Вавилонская Башня;X
build_the_tower_of_babylon_desc;За последние тысячелетия прогресс шагнул вперёд не так уж и далеко, а это значит, что мы всё ещё можем гордится великим проектом наших вавилонских предков. С учётом восхождения Ирака к статусу одной из лидирующих мировых держав, зазвучали голоса в поддержку этого строительства, как основы идеологии Нового Ирака. А с новыми технологиями кто знает, что у нас может получится??;X
EVTNAME4430;Под давлением;X
EVTDESC4430;'И любовь (люди на улицах) заставляет нас изменить наше отношение к самим себе.'\n-- Queen\n\nПолитический климат в $COUNTRY$ в последнее время очень сильно ухудшился, и всё большее и большее число граждан ставит под сомнение законность и честность нашего присутствия в Верхней Палате. Верхняя Палата всё чаще и чаще рассматривается как очередное бюрократическое учреждение, тормозящее на корню всякие перемены и реформы. Народ требует пересмотра законодательства, касающегося Верхней Палаты, с целью получения более честного и равноправного представительства..;X
EVTOPTA4430;Безумие смеется, мы ломаемся под тяжестью стресса.;X
EVTOPTB4430;Почему мы не можем дать себе ещё шанс?;X
ADM_DESC;Расходы на управление идут на обеспечение плавной работы нашего государственного аппарата и содержание чиновников, что увеличивает эффективность сбора налогов.;X
RELEASE_PLAY_AS;Играть за;X
EGY_921;Палестина;X
raise_the_bonnie_blue_flag_title;'Заветный синий флаг!';X
raise_the_bonnie_blue_flag_desc;Hurrah! Hurrah!\nFor Southern rights, hurrah!\nHurrah for the Bonnie Blue Flag that bears a single star!'\n\n'Bonnie Blue Flag' или 'Заветный синий флаг' был первым, неофициальным флагом Конфедеративных Штатов Америки. Он представлял из себя синее полотнище с белой пятиконечной звездой. Также, так называлась популярная походная песня, которую поэт Гарри Маккарти написал в честь этого флага. Поднимите 'Заветный синий флаг' и следите за тем, как новобранцы пополняют ряды армии КША.;X
the_bonnie_blue_flag;Заветный синий флаг;X
the_bonnie_blue_flag_desc;Белая пятиконечная звезда на синем фоне ведёт наши войска на бой с мерзкими янки.;X
trinket_wage;Минимальная зарплата;X
tut_2b_15;От политической системы зависит, как строятся заводы. Например, в рыночной экономике заводы строят только ваши капиталисты. Но в принятой сейчас в Бельгии системе заводы могут строить и капиталисты, и игрок. Строительство новых заводов - хороший способ развить экономику. Нажмите кнопку 'построить завод' в Бельгийской Валлонии.;X
webster_ashburton_treaty_title;Договор Уэбстера-Ашбертона;X
webster_ashburton_treaty_desc;В 1842 году, после Арукстукской войны, в Вашингтоне был подписан договор Уэбстера-Ашбертона. По этому договору граница между британскими колониями в Канаде и США устанавливалась по 49 параллели, урегулировал вопросы совместного использования британцами и американцами Великих Озёр и обязывал стороны запретить работорговлю на Атлантическом побережье Африки и строго следить за соблюдением этого запрета.;X
SPA_2209;Куба;X
ENG_203;Карибские острова;X
PV_CLERGY_LIT_PROVIDES;Clergy provinces: $VAL$;X
PV_CLERGY_LIT_NUM;$NUM$ of your population are Clergy (Optimal $OPT$): $VAL$;X
PV_CLERGY_SETTING;Educational spending at $SETTING$: $VAL$;X
PV_CLERGY_TECH;From technology: $VAL$;X
EVTNAME13357;Доктрина Выморочных Владений;X
EVTDESC13357;Британская 'Доктрина Выморочных Владений' применялась в Индии для аннексии множества квазинезависимых индийских княжеств. Доктрина запрещала индийским князям назначать усыновлённых детей своими наследниками, то есть замлю мог получить только родной сын от родного отца. Также, Британская Ост-Индская компания могла аннексировать земли под предлогом дурного управления ими. Благодаря этой доктрине, Британская Ост-Индская компания смогла аннексировать Сатару, Самбалпур, Нагпур, Джханси и Авадх. Из-за нынешнего положения нашей страны, Британская Ост-Индская компания объявила наше право на княжение недействительным.;X
EVTOPTA13357;Только не это!!;X
EVTNAME13358;Доктрина Выморочных Владений;X
EVTDESC13358;Британская 'Доктрина Выморочных Владений' применялась в Индии для аннексии множества квазинезависимых индийских княжеств. Доктрина запрещала индийским князям назначать усыновлённых детей своими наследниками, то есть замлю мог получить только родной сын от родного отца. Также, Британская Ост-Индская компания могла аннексировать земли под предлогом дурного управления ими. Благодаря этой доктрине, Британская Ост-Индская компания смогла аннексировать Сатару, Самбалпур, Нагпур, Джханси и Авадх. Эта доктрина стала последней каплей, переполнившей чашу терпения индийцев. Она привела к восстанию сипаев в 1857-1859 годах. После восстания британцы ликвидировали Ост-Индскую компанию и пересмотрели свою политику в отношении индийских феодалов. В связи с тяжёлым положением дел в $FROMCOUNTRY$, Ост-Индская компания объявила независимость этого княжества недействительной.;X
EVTOPTA13358;Великолепно!;X
EVTOPTB13358;Теперь у нас ещё больше бесполезных территорий!.;X
the_vega_expedition_title;Экспедиция парохода 'Вега';X
the_vega_expedition_desc;в 1878-80-ых годах Нильс Адольф Эрик Норденшельд, при финансовой поддержке короля Швеции и Норвегии Оскара II, впервые осуществил сквозное (с зимовкой в пути) плавание Северо-восточным проходом из Атлантического океана в Тихий и через Суэцкий канал вернулся в Швецию (1880), впервые обойдя таким образом всю Евразию. И хотя плавания через Северный морской путь предпринимались и раньше, но именно плавание Норденшельда считается первым полностью доказанным по этому пути. Оно очень широко отмечалось.;X
ENG_2068;Замбези;X
rhodesia_charter_title;Британская Южно-Африканская компания;X
rhodesia_charter_desc;Британская Южно-Африканская компания была основана британским магнатом-империалистом Сесилем Родсом в 1889. Компания была создана по образу и подобию Британской Вест-Индской Компании и была создана с целью содействия дальнейшей колонизации британцами Южной и Центральной Африки. Зона интересов Компании простиралась вдоль реки Замбези. Эта зона с 1895 стала известной как 'Родезия' и была названа в честь Сесиля Родса.;X
GER_2530;Северная Новая Гвинея;X
AST_2528;Южная Новая Гвинея;X
kaiser_wilhelms_land_title;Земля Кайзера Вильгельма;X
kaiser_wilhelms_land_desc;'Землёй Кайзера Вильгельма' называлась сеть немецких колоний в Тихом Океане, включавшая в себя северо-восток острова Новая Гвинея, архипелаг Бисмарка и прочие, более мелкие немецкие колонии в данном регионе. В 1914 году эти территории оккупировали австралийские войска, а после окончания Первой Мировой войны земля Кайзера Вильгельма стала 'территорией Новая Гвинея', которой управляло правительство Австралии.;X
megali_idea_title;Великая Идея;X
megali_idea_desc;Великая Идея - это ирридентистская концепция греков под игом Османской империи. Она подразумевала создание Великой Греции, которая должна была включать в себя всю Фракию, Константинополь, Додеканесские острова, Кипр и всё западное побережье Малой Азии. Концепция медленно шла к своей реализации весь XIX век, и была почти полностью реализована после Первой Мировой Войны, ведь по Севрскому мирнному договору к Греции отходили практически все эти территории. Но в войне за независимость Турции 1919-1922-ых годов, греки и армяне потерпели поражение, и по Лозаннскому миру должны были уступить почти все свои новые приобретения. Big is beautiful!;X
DIFFICULTY_LABEL;Трудности;X
expand_motala_verkstad_title;Мутальский машиностроительный завод;X
expand_motala_verkstad_desc;'Motala Verkstad' (Мутальский машиностроительный завод) был основан Бальцаром фон Платеном в 1822 году, во время строительства Гёта-канала. Под руководством Отто Эдварда Карлсунда, в 40-60-ые годы XIX века, Мутальский завод стал одним из самых больших и известных предприятий Швеции. Завод упоминается в романе Жюля Верна '20000 льё под водой', как производитель тарана для субмарины 'Наутилус'.;X
motala_verkstad;Мутальский машиностроительный завод;X
desc_motala_verkstad;Основанный Бальцаром фон Платеном в 1822 году, во время строительства Гёта-канала, Мутальский завод и сейчас является одним из самых известных предприятий Швеции.;X
court_yard_speech_title;Шведский конституционный кризис 1914 года;X
court_yard_speech_desc;Шведский конституционный кризис 1914 был спровоцирован резким сокращением оборонных расходов либеральным правительством Карла Стаафа. Шестого февраля 1914 года король Густав V обратился с речью поддержки и одобрения к тридцатитысячной толпе шведских крестьян, которые через всю страну маршировали в Стокгольм, чтобы поддержать своего короля, Родину и Вооружённые силы. Это было последнее вмешательство шведских королей в политическую жизнь страны..;X
international_negotiations;Международное давление;X
desc_international_negotiations;Мы оказываем давление на иностранное государство по конкретному вопросу.;X
EVTNAME23300;Таинственное чудовище топит корабли!;X
EVTDESC23300;'$YEAR$ год ознаменовался удивительным происшествием [...] Дело в том, что с некоторого времени многие корабли стали  встречать  в;X
море какой-то длинный, фосфоресцирующий, веретенообразный предмет,  далеко превосходивший кита как размерами, так и быстротой передвижения.'\n\nСтранное морское чудовище, которое, как считается, является ни чем иным, как новым видом кита утопило несколько десятков кораблей. Знаменитый профессор морской биологии, легендарный Пьер Аронакс, решил присоединится к научной экспедиции, целью которой является схватить и исследовать это странное чудище. Ходят слухи, что многие великие державы уже запланировали свои экспедиции для исследования загадочного монстра!;x;X
EVTOPTA23300;Эта угроза должна быть уничтожена!;X
EVTOPTB23300;Звучит как пересказ сюжета какой-то детской книжки.;X
EVTNAME23301;Таинственное чудовище топит корабли!;X
EVTDESC23301;'$YEAR$ год ознаменовался удивительным происшествием [...] Дело в том, что с некоторого времени многие корабли стали  встречать  в;X
море какой-то длинный, фосфоресцирующий, веретенообразный предмет,  далеко превосходивший кита как размерами, так и быстротой передвижения.'\n\nСтранное морское чудовище, которое, как считается, является ни чем иным, как новым видом кита утопило несколько десятков кораблей. Знаменитый профессор морской биологии, легендарный Пьер Аронакс, решил присоединится к научной экспедиции, целью которой является схватить и исследовать это странное чудище. Ходят слухи, что многие великие державы уже запланировали свои экспедиции для исследования загадочного монстра! Может быть, и нам стоит отправить экспедицию?;x;X
EVTOPTA23301;Эта угроза должна быть уничтожена!;X
EVTOPTB23301;Звучит как пересказ сюжета какой-то детской книжки.;X
EVTNAME23302;Профессора Аронакса выбросило на берег!;X
EVTDESC23302;Знаменитый французский профессор и морской биолог, Пьер Аронакс был обнаружен на $COUNTRY_ADJ$ берегу. Семь месяцев назад профессор отправился в морскую экспедицию, с целью разузнать всю правду о гигантском китообразном чудовище, уничтожевшем множество кораблей. Профессор рассказал крайне интересную и поражающую воображение историю о его злоключениях. Профессор заявляет, что во время столкновения между его кораблём и таинственным чудовищем, его снесло за борт, и он оказался внутри этого самого чудовища, которое оказалось человеческим кораблём, способным плавать под водой. Аронакс заявляет, что это судно, ведомое эксцентричным и отчаянным капитаном Немо, является домом для целой общины свободолюбивых матросов, которые отреклись от человеческого общества. Неважно, является ли правдой история профессора, главное, что он оставил многочисленные и подробные отчёты и описания новых форм жизни, которые он якобы увидел под водой, и что эти отчёты займут наших учёных на долгие годы вперёд.;X
EVTOPTA23302;Nemo me impune lacessit!;X
italia_irredenta_title;Великая Италия;X
italia_irredenta_desc;Движение за объединение Италии стремилось к включанию в состав Италии всех прилегающих территорий иностранных государств, на которых проживало значительное итальянское меньшинство. Таким образом, итальянские территориальные претензии распространялись куда дальше захваченных Австрией по итогам Наполеоновских войн земель в Италии, и включали в себя значительные территории в Далмации и Австрии.;X
the_heligoland_question_title;Гельголандский Вопрос;X
the_heligoland_question_desc;Небольшой островок в Северном море под названием Гельголанд перешёл к Великобритании во время Наполеоновских войн, по Кильскому мирному соглашению 1814 года. После объединения Германии остров стал объектом территориальных претензий со стороны Германской империи, так как населён был преимущественно немцами.;X
miskatonic_university_title;Мискатоникский университет;X
miskatonic_university_desc;Мискатоникский университет находится в живописном городе Аркхем, на берегу мрачной реки Мискатоник, в прекрасном графстве Эссекс. Мискатоникский университет - одно из самых известных высших учебных учреждений Новой Англии. Он хорошо известен своей коллекцией редкостей, обширным собранием старинных и оккультных книг, своими спортивными соревнованиями, а среди прочего - отрывками легендарной Книги Эйбона и оригинальной рукописью 'Безымянного культа' - образцового труда Фридриха фон Юнцта.;X
miskatonic_campus;Мискатоникский университет;X
desc_miskatonic_campus;Где наука встречается с мифами;X
construct_the_walhalla_title;Вальхалла;X
construct_the_walhalla_desc;'Вальхалла' - это возвышающийся над Дунаем храм в стиле нео-классицизма, построенный в период с 1830 по 1842 годы в Баварии. Созданный по задумке Людвига I, зал является памятником выдающимся личностям германской истории, от Арминия до Коперника.;X
the_walhalla;The Walhalla;X
desc_the_walhalla;Созданный по задумке Людвига I зал славы 'Вальхалла' является памятником выдающимся личностям германской истории, от Арминия до Коперника.;X
introduce_the_presbyteries_title;Ввести пресвитерианство;X
introduce_the_presbyteries_desc;В 1848 году, власти Королевства Ганновер решили укрепить народное представительство в Государственной Церкви Ганновера и ввели в неё институт пресвитерианства, и все церковные отныне поручаются всенародно избираемым пресвитерам.;X
build_gotthard_tunnel_title;Построить Готардский тоннель;X
build_gotthard_tunnel_desc;Готардский железнодорожный тоннель строился с 1871 по 1881 для того, чтобы соеденить города Гёшенен и Айроло. Первый тоннель, который был построен под горным массивом, Готардский тоннель был большим и значимым достижением своего времени.;X
the_lambert_charter_title;Договор Ламбера;X
the_lambert_charter_desc;Договор Ламбера - документ, используемый Францией с целью оправдать своё проникновение, а впоследствии и аннексию королевства Имерины. Документ был подписан наследным принцем Радамой II и якобы давал французам права вывозить с острова полезные ископаемые и прочие ресурсы, в обмен на 10% отчисление от стоимости ресурсов в пользу королевского дома Мадагаскара..;X
end_the_merina_monarchy_title;Конец имеринской монархии;X
end_the_merina_monarchy_desc;После местного восстания 1897, Франция, которая уже давно формально включила Мадагаскар в сферу влияния, окончательно аннексировала монархию Имерина и низложила местный королевский дом..;X
REVOLTALLIANCE_SETUP;Когда держава объявляет о разрыве союзов из-за революции.;X
REVOLTALLIANCE_HEADER;Министр иностранных дел докладывает:;X
REVOLTALLIANCE_1;Революция в иностранной державе!;X
REVOLTALLIANCE_2;$MONARCHTITLE$ державы;X
REVOLTALLIANCE_3;§Y$ACTOR$§W;X
REVOLTALLIANCE_4;is in revolution!;X
REVOLTALLIANCE_5;Все наши союзы и договора расторгнуты, очки влияния обнулены.;X;;;;;;;;;;;;;
REVOLTALLIANCE_6;*;X;;;;;;;;;;;;;
REVOLTALLIANCE_BTN1;OK;X;;;;;;;;;;;;;
REVOLTALLIANCE_BTN2;OK;X;;;;;;;;;;;;;
REVOLTALLIANCE_BTN3;Перейти к;X;;;;;;;;;;;;;x
RHO;Южная Родезия;X;;;;;;;;;;;;;
RHO_proletarian_dictatorship;Зимбабве;X;;;;;;;;;;;;;
RHO_absolute_monarchy;Южная Родезия;X;;;;;;;;;;;;;
RHO_hms_government;Южная Родезия;X;;;;;;;;;;;;;
RHO_ADJ;Родезийск.;X;;;;;;;;;;;;;
RHO_conservative;Партия Родезии;X;;;;;;;;;;;;;
RHO_liberal;Объединенная Федеральная Партия;X;;;;;;;;;;;;;
RHO_reactionary;Родезийский фронт;X;;;;;;;;;;;;;
RHO_socialist;Африканский национальный союз;X;;;;;;;;;;;;;
RHO_communist;Союз африканского народа Зимбабве;X;;;;;;;;;;;;;
RHO_anarcho_liberal;Ассоциация ответственного правительства;X;;;;;;;;;;;;;
RHO_fascist;The When-Wes;X
EGY_1842;Дарфур;X
EGY_1838;Кордофан;X
EGY_915;Ливан;X
CHI_2562;Формоза;X
BEL_1977;Центральное Конго;X
BEL_1987;Катанга;X
BEL_1990;Восточное Конго;X
BEL_1984;Касаи;X
POR_1999;Северная Ангола;X
ENG_1956;Южный Камерун;X
ENG_1960;Северный Камерун;X
ENG_1868;Сомалиленд;X
ENG_2026;Великая Рифтовая долина;X
ENG_2024;Кения;X
ENG_2019;Уганда;X
TRN_2108;Трансвааль;X
POR_2060;Мозамбик;X
FRA_1884;Сьерра-Леоне;X
FRA_1813;Нигер;X
FRA_1892;Восток Берега Слоновой Кости;X
FRA_1893;Запад Берега Слоновой кости;X
FRA_1788;Гамбия;X
FRA_1783;Сенегал;X
FRA_1775;Мавританское побережье;X
MOR_1696;Западное Марокко;X
POR_2003;Южная Ангола;X
POR_2006;Восточная Ангола;X
ALD_1718;Восток Центральной Сахары;X
ALD_1714;Запад Центральной Сахары;X
TRI_1739;Ливийская пустыня;X
EGY_1737;Ливийское побережье;X
FRA_1780;Внутренняя Мавритания;X
ORA_2103;Свободное Государство;X
ENG_2092;Северный Кап;X
ENG_2083;Намакваленд;X
ENG_2096;Южный Кап;X
ENG_2087;Капская Колония;X
BEL_1992;Экватор;X
FRA_1978;Конго;X
SPA_1955;Экваториальная Гвинея;X
CNG;Конго;X
CNG_absolute_monarchy;Свободное государство Конго;X
CNG_presidential_dictatorship;Заир;X
CNG_hms_government;Конго;X
CNG_democracy;Заир;X
CNG_ADJ;Конголезск.;X
the_congo_conference_title;Принять Конференцию по Конго;X
the_congo_conference_desc;В 1884 году, в Берлине прошла международная 'Конференция по Конго' или 'Берлинская конференция', созванная по инициативе немецкого канцлера Бисмарка. Итогом конференции стал 'Генеральный акт', который закреплял за великими державами их нынешние владения в Африке, а также подтверждал статус свободного государства Конго как личного владения бельгийских королей. Каким будет результат на этот раз? Примите конференцию по Конго и вращайте рулетку! Мы должны быть готовы к тому, что рассылка приглашений, принятие решения по участию в конференции, а также путь иностранных послов до нашей столицы займёт несколько месяцев..;X
EVTNAME19330;$CAPITAL$ конференция;X;;;;;;;;;;;;;;
EVTDESC19330;'Я не хочу упустить шанс поучавствовать в делёжке африканского пирога.'\n- Леопольд II, бельгийский король\n\nПриготовления к международной конференции по статусу африканских колоний в $COUNTRY_ADJ$ столице идут уже достаточно давно, и сегодня $MONARCHTITLE$ готов разослать приглашения на конференцию представителям всех заинтересованных сторон. Главным вопросом конференции станет вопрос статуса Конго. Одна из держав получит исключительное право на овладение землями Конго. Второразрядные державы и державы без колониальных владений, которые, однако, претендуют на земли в Конго получат льготы на переговорах.;X;;;;;;;;;;;;;;
EVTOPTA19330;Отлично, рассылаем приглашения!;X;;;;;;;;;;;;;;
EVTOPTB19330;Я думаю, что будет разумно ничего не проводить...;X;;;;;;;;;;;;;;
EVTNAME19335;Конференция по Конго;X;;;;;;;;;;;;;;
EVTDESC19335;$MONARCHTITLE$, $FROMCOUNTRY$ принимает крупную международную конференцию по вопросу раздела Африки между великими державами. Главная тема повестки дня - вопрос принадлежности Конго, и наиболее вероятным исходом станет то, что всё Конго отойдёт в руки одной из держав. Большинство цивилизованных стран решили послать по представителю на конференции, но может оказаться и так, что затраты на отправку делегата от нашей страны могут оказаться слишком дорогими для нашей казны.;X;;;;;;;;;;;;;;
EVTOPTA19335; не хочу упустить шанс поучавствовать в делёжке африканского пирога;X;;;;;;;;;;;;;;
EVTOPTB19335;Я не думаю, что эта конференция заслуживает нашего внимания.;X;;;;;;;;;;;;;;
EVTNAME19340;Свободное государство Конго!;X;;;;;;;;;;;;;;
EVTDESC19340;'Свободное государство Конго является уникальным в своём роде. Я ни от кого ничего не скрываю и никому ничего не должен'\n- Леопольд II, бельгийский король\n\nКонференция по Конго наконец-то пришла к решению конголезского вопроса. Конференция завершено, и 'Генеральный акт' вышедший сегодня, гласит, что $COUNTRY$ получает эксклюзивное право управвлять, колонизировать и эксплуатировать богатства Конго. Свободное Государство Конго будет находится под управлением $COUNTRY$, но формально будет считаться отдельным государством. Это поможет другим державам ускорить создание торговых отношений с Конго и поможет раскрыть потенциал этой страны.;X;;;;;;;;;;;;;;
EVTOPTA19340;Хорошо.;X;;;;;;;;;;;;;;
CNG_liberal;Либеральная партия;X;;;;;;;;;;;;;;
CNG_conservative;Консервативная партия;X;;;;;;;;;;;;;;x
CNG_socialist;Социалистическая партия;X;;;;;;;;;;;;;;
CNG_communist;Коммунистическая партия;X;;;;;;;;;;;;;;
CNG_reactionary;Национальная партия;X;;;;;;;;;;;;;;
CNG_fascist;Националистическая партия;X
CNG_anarcho_liberal;Либертарианское движение;X
EVTNAME70000;Определите будущее региона $STATE$!;X
EVTNAME70001;Определите будущее региона $STATE$!;X
IS_SECONDARY_NATION;Колониальная держава;X
IS_NOT_SECONDARY_NATION;Третьеразрядная держава;X
SET_PRIMARY_CULTURE;§Y$CULTURE$§W является основной культурой.\n;X
CB_ASSERT_HEGEMONY;Утвердить гегемонию\n;X
unification_humiliate_cb_setup;Потребовать от другой великой державы признать ваше лидерство в данной культурной группе.;X
unification_humiliate_cb_desc;Потребовать от другой великой державы признать ваше лидерство в данной культурной группе. Все страны в сфере влияния данной державы, принадлежащие к вашей культурной группе перейдут в вашу сферу влияния.;X
EVTNAME19345;Резина из Конго!;X
EVTDESC19345;Плодородные земли на побережье реки Конго прекрасно подходят для выращивания каучука. Но, к сожалению, большая часть этой земли или неосвоена, или используется аборигенами для выращивания своего скудного пропитания. Большие экономические интересы нашей страны не требуют ничего большего, чем выгодного использования этих земель, но местные аборигены могут быть недовольны выращиванием каучка на их землях. Что скажете, правитель??;X
EVTOPTA19345;Аборигены как-нибудь протянут!;X
EVTOPTB19345;Мы несём цивилизацию, а не ограбление!;X
EVTNAME19350;Общество по проведению реформ в Конго;X
EVTDESC19350;Из Свободного Государства Конго приходят многочисленные сообщения о том, что $COUNTRY_ADJ$ колониальная администрация слишком жестоко эскплуатирует коренное население. Сообщения о том, что жестокое обращение с абориганеми, побои аборигенов, многочисленные убийства и даже геноцид целых народов - это обычное дело в Конго, выставляют $COUNTRY_ADJ$ колониальную политику в очень плохом свете. С целью изменить ситуацию с правами человека в Конго к лучшему, была создана международная организация - Общество по проведению реформ в Конго, в которую вошли многочисленные знаментые писатели, учёные и деятели исскуств.;X
EVTOPTA19350;Проклятье!;X
annex_the_congo_title;Аннексия Конго;X
annex_the_congo_desc;Многочисленные нарушения в колониальной политике в Конго привели к сильному международному давлению на $COUNTRY$. На Свободное Государство в личном владении нашего правителя обрушился шквал международной критики из-за черезчур жестокой колониальной критики. Возможно, было бы благоразумнее окончательно включить Свободное Государство в состав нашей страны.;X
the_congo_reform_association;Общество по проведению реформ в Конго;X
the_congo_refrom_association_desc;Международная организация созданная с целью изменить ситуацию с правами человека в Конго к лучшему.;X
MODIFIER_BADBOY;Infamy;X
rename_the_congo_title;Исследование Конго!;X
rename_the_congo_desc;После того, как Конго было объявлено личной собственностью короля Леопольда II, было бы справедливо и логично провести экспедицию, с целью получше исследовать эту страну, не так ли?;X
PROV2049;Лоуренсу-Маркеш;X
brazzas_expedition_title;Экспедиция Браззы;X
brazzas_expedition_desc;Франко-итальянский исследователь и первопроходец Пьетро-Паоло Саворнан ди Бразза исследовал многие земли Центральной Африки, в частности, земли к западу от реки Конго и открыл сей регион для французской колонизации. В его честь названа столица Французского Конго, город Браззавиль.;X
USA_prussian_constitutionalism;СКСА;X
von_moltkes_staff_reforms_title;Реформы фон Мольтке;X
von_moltkes_staff_reforms_desc;В 1857 году Хельмут фон Мольтке стал главой прусского генерального штаба и сразу же взялся за реформирование прусской армии. При Мольтке возник отдел исторических исследований, появились 'военные игры', которые воссоздавали события белых войн и рассматривали их ошибки, был создан отдел по изучению и катологизации железных дорог и телеграфных сетей Пруссии. Конечным результатом стали блестящие победы прусского оружия в войнах за объединение Германии, прусский генштаб стал считаться одним из самых передовых и эффективных в Европе. Мольтке оставался главой прусского и немецкого генштаба более тридцати лет, и вошёл в историю как один из самых гениальных стратегов XIX века.;X
prussian_general_staff;Прусский генеральный штаб;X
desc_prussian_general_staff;Прусский генштаб - один из передовых и эффективных в Европе, но рано или поздно другие страны догонят Пруссию.;X
kanun_i_esasi_title;'конституция Мидхата';X
kanun_i_esasi_desc;Опубликованная 23 декабря 1876, 'Конституция Мидхата' (от имени Мидхат-паши, великого визиря османской империи в 1876-1877 годах) была первой попыткой конституционно ограничить монархию в Османской Империи. И хотя 'Основной закон' был отменён султаном Абдул-Хамидом в 1878 году, эта конституция стала важной вехой в турецкой истории.;X
the_ruhr_boom_title;Поддержать Рурский бум;X
the_ruhr_boom_desc;Рурская область, включающая в себя бывшие графства Берг, Марк и Клеве, меняется день ото дня. Каждый день открываются новые угольные рудники и шахты, железные дороги постоянно расширяются, новые заводы, основанные на купленных у британцев технологиях растут как грибы, после дождя. Рурская область переживает небывалый промышленный бум, и тот же бум ждёт и остальную Германию, если вы его поддержите.;X
ruhr_boom;Немецкий экономический бум;X
desc_ruhr_boom;Города и сёла по всей Германии превращаются из сонных средневековых посёлков в современные промышленные центры, и всё это благодаря положительному примеру Рурской области.;X
support_ruhr_industrialism_title;Поддержать промышленников из рода Крупп;X
DIPLOMACY_NO_ALLIES_CIVIL_WAR;Союзники не могут вмешиваться в гражданские войны.;X
the_rhine_crisis_title;Левый берег Рейна;X
the_rhine_crisis_desc;Во времена Наполеоновских войн, всё левобережье Рейна находилось в руках Франции. В 1840 году, французский премьер-министр, Луи Адольф Тьер публично заявил, что по его мнению, Рейн всё ещё остаётся природной восточной границей Франции. Это заявление привело к 'Рейнскому кризису' - крупному международному скандалу между Францией и немецкими государствами.;X
build_the_eiffel_tower_title;Построить Эйфелеву Башню;X
build_the_eiffel_tower_desc;Построенная в 1889 как входная арка парижской Всемирной выставки 1889 года, Эйфелева Башня и поныне является одним из главных символов Парижа и Франции вообще. Названная в честь архитектора, сконструировшего его, Густава Эйфеля, эта башня была высочайшим в мире сооружением более сорока лет до 1930 - пока её не превзошёл Крайслер Билдинг;X
the_eiffel_tower;Эйфелева Башня;X
desc_eiffel_tower;Весь мир изумлён при виде этого великого детища инженерной мысли!;X
confiscations_of_mendizabal_title;Испанская секуляризация;X
confiscations_of_mendizabal_desc;Секуляризация церковного имущества произошла в Испании в 1835-1837-ых годах, в разгар карлистской гражданской войны. Эта секуляризация разъярила традиционалистов и усилила раскол в испанском общества. Во время секуляризации были разрушены многие старинные монастыри.;X
haussmanns_renovations_title;Османизация Парижа;X
haussmanns_renovations_desc;Во времена Второй Французской империи (1852-1870) Париж был радикально перестроен. Необходимость реконструкции центра Парижа назрела после начала урбанизации и роста городов. Окраины Парижа разрослись, а вот центр не мог более связывать части города между собой и представлял из себя скопление средневековых построек. Широкие, длинные и просторные бульвары и по сей день остаются визитной карточкой Парижа;X
SM_COUNTERDISTANCE;Counter Distance;X
OL_GP_INFLUENCE;Влияние;X
OL_VIEW_GP_INFLUENCE;Toggles §YInfluence§W view;X
CB_EXPIRE_DATE;Истекает в §Y$DATE$§W;X
BUDGET_CANT_LOAN_DESC;Банки будут выдавать вам ссуды только тогда, когда вы будете выплачивать проценты и не будете враждебным. Зарубежные банки на текущий момент не выдадут вам более $MAXLOAN$¤ своего капитала из соображений безопасности.;X
MUST_NEGOTIATE_WITH_WAR_LEADER_STATUS_QUO_OUR_SIDE;We cannot negotiate with the enemy §YWar leader§W since we are target of a wargoal and our leader has added a §YStatus Quo§W wargoal;X
witwatersrand_gold_rush;Витватерсрандская золотая лихорадка лихорадка;X
desc_witwatersrand_gold_rush;Золотая лихорадка в Витватерсранде сделала нас международно известными.;X
ENG_bourgeois_dictatorship;Британская Федерация;X
DIPLOMACY_CANNOT_SET_PRIO_TRUCE;Мы не можем оказывать влияние на эту нацию, находясь в перемирии;X
csa_cores_title;Янки изнгнаны с земель свободного Юга;X
csa_cores_desc;Теперь, когда ни один сапог янки больше не топчет свободные земли Юга, в соседних северных штатах началось активное движение за присоединение к Конфедерации. Воспользовавшись ситуацией, мы сможем свергнуть этих либеральных идиотов из Вашингтона и восстановить единство американской нации!;X
dop_csa;Самтерская ярость;X
circassian;Черкесы;X
sephardic;Сефарды;X
cossacian;Казаки;X
welsh;Валлийцы;X
scottish;Шотландцы;X
cornish;Корнуэлльцы;X
maronitian;Марониты;X
montenegrian;Черногорцы;X
macedonian;Македонцы;X
osetian;Осетины;X
avarian;Дагестанцы;X
abkhazian;Абхазы;X
caucasian;Кавказцы;X
arabic;Арабы;X
indonesian;Индонезийцы;X
occitan;Окситанцы;X
breton;Бретонцы;X
norman;Нормандцы;X
burgund;Бургундцы;X
picardian;Пикардийцы;X
french;Французы;X
corsican;Корсиканцы;X
iranian_arian;Ирано-арийцы;X
magreb;Магрибцы;X
andean;Андцы;X
soviet;Россияне;X
nippon;Японцы;X
inkeri;Ингерманландцы;X
karelian;Карелы;X
kalmyk;Калмыки;X
nenets;Ненцы;X
komi;Коми-зыряне;X
bashkir;Башкиры;X
chuvash;Чуваши;X
udmurt;Удмурты;X
khanty;Ханты;X
mansi;Манси;X
altay;Алтайцы;X
buryat;Буряты;X
tuvan;Тувинцы;X
ABK;Абхазия;X
KOS;Косово;X
WHA;Уэльс;X
KER;Корнуолл;X
LEB;Ливан;X
GRA;Гранада;X
BSQ;Страна Басков;X
GAL;Галисия;X
MCD;Македония;X
ARA;Арагон;X
CAS;Кастилия;X
OSE;Осетия-Алания;X
CRC;Черкесия;X
ICH;Чечня;X
DAG;Дагестан;X
ARB;Арабский Халифат;X
IDO;Индонезия;X
BHR;Бахрейн;X
QAT;Катар;X
SUD;Судан;X
ERI;Эритрея;X
MAV;Мавритания;X
MAL;Мали;X
LIV;Ливия;X
MLT;Мальта;X
IDF;Иль-де-Франс;X
BRT;Бретань;X
NRM;Нормандия ;X
CHA;Шампань;X
BRG;Бургундия;X
COR;Корсика;X
OCC;Окситания;X
EZO;Эдзо;X
TKD;Такэда;X
TKG;Токугава;X
CHO;Тёсю;X
TOS;Тоса;X
SAC;Сацума;X
RYU;Рюкю;X
NRD;Северорусия;X
ZLS;Залесье;X
IDL;Идель-Урал;X
URA;Урал;X
SIB;Сибирь;X
YAK;Якутия;X
BKL;Трансбайкал;X
NMR;Ненеция;X
PRI;Дальневосточное Царство;X
INK;Ингерманландия;X
GCL;Великая Колумбия;X
MEN;Мэнцзян;X
KAZ;Казахстан;X
KYR;Кыргызстан;X
TAJ;Таджикистан;X
UZB;Узбекистан;X
TKM;Туркменистан;X
TRK;Туркестан;X
DJI;Джибути;X
IOR;Трансиордания;X
SEN;Сенегал;X
GAM;Гамбия;X
SOM;Сомали;X
KEN;Кения;X
MLD;Мальдивы;X
CEY;Цейлон;X
BEN;Бенгалия;X
GUY;Гайана;X
BLZ;Белиз;X
SLS;Силезия;X
RHE;Рейнский Союз;X
PMR;Померания;X
BLK;Черноземье;X
ASS;Ассам;X
MGR;Магриб;X
KNM;Канем-Борну;X
AMZ;Амазония;X
GRL;Гренландия;X
FRR;Фареры;X
TIR;Тироль;X
RPL;Речь Посполитая;X
DNB;Дунайская Федерация;X
BLT;Балтийское Герцогство;X
DUR;Дурранийская Империя;X
FER;Феррара;X
CSC;Каскадия;X
ABK_ADJ;Абхазск.;X
KOS_ADJ;Косоварск.;X
WHA_ADJ;Галисия;X
KER_ADJ;Корнск.;X
LEB_ADJ;Ливанск.;X
GRA_ADJ;Гранадск.;X
BSQ_ADJ;Басконск.;X
GAL_ADJ;Галисийск.;X
MCD_ADJ;Македонск.;X
ARA_ADJ;Арагонск.;X
CAS_ADJ;Кастильск.;X
OSE_ADJ;Осетинск.;X
CRC_ADJ;Черкеск.;X
ICH_ADJ;Чеченск.;X
DAG_ADJ;Дагестанск.;X
ARB_ADJ;Арабск.;X
IDO_ADJ;Индонезийск.;X
BHR_ADJ;Бахрейнск.;X
QAT_ADJ;Катарск.;X
SUD_ADJ;Суданск.;X
ERI_ADJ;Эритрейск.;X
MAV_ADJ;Мавританск.;X
MAL_ADJ;Малийск.;X
LIV_ADJ;Ливийск.;X
MLT_ADJ;Мальтийск.;X
IDF_ADJ;Парижск.;X
BRT_ADJ;Бретонск.;X
NRM_ADJ;Нормандск.;X
CHA_ADJ;Шампанск.;X
BRG_ADJ;Бургундск.;X
COR_ADJ;Корсиканск.;X
OCC_ADJ;Окситанск.;X
EZO_ADJ;Айнск.;X
TKD_ADJ;Северояпонск.;X
TKG_ADJ;Токийск.;X
CHO_ADJ;Тёсюйск.;X
TOS_ADJ;Тосийск.;X
SAC_ADJ;Сацумск.;X
RYU_ADJ;Рюкийск.;X
NRD_ADJ;Североруск.;X
ZLS_ADJ;Залесск.;X
IDL_ADJ;Идель-Уральск.;X
URA_ADJ;Уральск.;X
SIB_ADJ;Сибирск.;X
YAK_ADJ;Якутск.;X
BKL_ADJ;Байкальск.;X
NMR_ADJ;Ненецк.;X
PRI_ADJ;Дальневост.;X
INK_ADJ;Ингрийск.;X
GCL_ADJ;Колумбийск.;X
MEN_ADJ;Монгольск.;X
KAZ_ADJ;Казахск.;X
KYR_ADJ;Кыргызск.;X
TAJ_ADJ;Таджикск.;X
UZB_ADJ;Узбекск.;X
TKM_ADJ;Туркменск.;X
TRK_ADJ;Туркестанск.;X
DJI_ADJ;Джибутийск.;X
IOR_ADJ;Иорданск.;X
SEN_ADJ;Сенегальск.;X
GAM_ADJ;Гамбийск.;X
SOM_ADJ;Сомалийск.;X
KEN_ADJ;Кенийск.;X
MLD_ADJ;Мальдивск.;X
BEN_ADJ;Бенгальск.;X
GUY_ADJ;Гайанск.;X
BLZ_ADJ;Белизск.;X
SLS_ADJ;Силезск.;X
RHE_ADJ;Рейнск.;X
PMR_ADJ;Померанск.;X
BLK_ADJ;Черноземск.;X
ASS_ADJ;Ассамск.;X
MGR_ADJ;Магрибск.;X
KNM_ADJ;Канемск.;X
AMZ_ADJ;Амазонск.;X
GRL_ADJ;Гренландск.;X
FRR_ADJ;Фарерск.;X
TIR_ADJ;Тирольск.;X
RPL_ADJ;Посполитск.;X
DNB_ADJ;Дунайск.;X
BLT_ADJ;Балтийск.;X
DUR_ADJ;Дурранийск.;X
FER_ADJ;Феррарск.;X
CSC_ADJ;Каскадск.;X
RUS_1095;Абхазия;X
TUR_798;Южная Сербия;X
TUR_823;Восточная Македония;X
GRE_826;Ионические острова;X
AUS_950;Карпаты;X
form_rzeczpospolita_title;Люблинская уния;X
form_rzeczpospolita_desc;Хотя Речь Посполитая была уничтожена и разорвана на куски Россией, Австрией и Пруссией в 1795 году, развитое национальное сознание её народов позволило провозгласить независимость нашей державы, вернувшей былое могущество. Теперь, подняв знамя Тадеуша Костюшко, мы можем воссоздать Речь Посполитую, с уверенностью заявив: четвёртому разделу не бывать!;X
form_spain_title;Viva la muerte!;X
form_spain_desc;Враги испанского единства добились своего, уничтожив Великую Испанию. Возникшие карлики стали бы лёгкой добычей французов и итальянцев, если бы не наша мудрая политика, позволившая Испании объединиться вновь.;X
form_france_title;Великая реставрация;X
form_france_desc;Триколоры вновь развешаны на всех административных зданиях, и толпы французов со всех областей выходят на улицы обновлённого государства. По центру Парижа торжественно проносят парадный штандарт. Viva la France!;X
form_danubia_title;Провозглашение Дунайской Федерации;X
form_danubia_desc;Наша империя велика и могуча, однако в последние годы стали очень сильны центробежные тенденции, поскольку многие народы чувствуют себя угнетёнными. Чтобы империя не рухнула под собственным весом, необходимо принять шаги по децентрализации государственного аппарата и найти компромиссное решение, устраивающее все народы;X
form_baltica_title;Балтийская Антанта;X
form_baltica_desc;Финно-угорские народы Прибалтики на протяжении истории постоянно становились объектом завоевания для более сильных соседей. Пережив опустошительное немецкое иго и относительно мягкие формы владычечтва Швецией и Россией, мы вступаем в новую эпоху как народы, вернувшие свою национальную гордость. Сегодня, чтобы обезопасить себя от посягательств других держав, мы заключаем договор об образовании единой федерации балтийских государств.;X
baltic_gewerkschaft_title;Балтийская уния;X
baltic_gewerkschaft_desc;Мечта о Балтийском Герцогстве так же стара, как и существование остзейских немцев. Теперь, когда Россия потеряла контроль над Прибалтикой, а новообразованные национальные государства ещё слишком слабы, воплотить мечту в реальность будет нетрудно.;X
form_durrani_empire_title;Возрождение Дурранийской Империи;X
form_durrani_empire_desc;Хотя империя, созданная Ахмат-шахом, развалилась на части, правителям небольшого эмирата Ганзи удалось вновь объединить разрозненные племена. Новой объединяющей силой выступил зарождающийся класс капиталистов, который помог правителю устранить мятежных феодалов, как, впрочем, и верных. Сегодня мы провозглашаем воссоздание Дурранийской Империи - державы, идущей в ногу со временем.;X
TUR_890;Ван;X
RUS_1054;Осетия-Алания;X
RUS_1056;Черкесия;X
RUS_1055;Чечня;X
RUS_1100;Карабах;X
CHI_1532;Внутренняя Монголия;X
SPA_495;Арагон;X
SPA_475;Астурия-Кантабрия;X
SPA_506;Мурсия;X
MEX_2139;Нижняя Калифорния;X
MEX_2147;Коауила;X
MEX_2149;Тамаулипас;X
MEX_2156;Синалоа;X
MEX_2167;Гуанахуато-Керетаро;X
MEX_2172;Фед.Округ Мехико;X
MEX_2171;Мичоакан;X
MEX_2177;Оахака;X
MEX_2164;Веракрус;X
MEX_2175;Пуэбла-Идальго;X
MEX_2182;Чьяпас;X
MEX_2184;Табаско-Кампече;X
UCA_2192;Эль-Сальвадор;X
USA_205;Южная Каролина;X
MEX_97;Юта;X
USA_197;Западная Флорида;X
USA_247;Нью-Гэмпшир-Вермонт;X
USA_241;Коннектикут-Род-Айленд;X
CLM_2255;Магдалена;X
VNZ_2274;Апуре;X
ECU_2280;Гуаякиль;X
PEU_2307;Икике;X
PEU_2301;Куско;X
PEU_2292;Трухильо;X
BOL_2309;Антофагаста;X
SPA_1773;Западная Сахара;X
BRZ_2600;Токантинс;X
BRZ_2426;Пиауи;X
BRZ_2434;Сержипи-Алагоас;X
BRZ_2430;Сеара;X
BRZ_2449;Эспириту-Санту;X
BRZ_2459;Санта-Катарина;X
BRZ_2421;Гояс;X
BRZ_2419;Мату-Гросу-ду-Сул;X
CHL_2323;Кокимбо;X
CHL_2325;Вальпараисо;X
CHL_2330;Мауле;X
CHL_2333;Магальянес;X
ARG_2360;Энтре-Риос;X
ARG_2366;Формоса;X
ARG_2376;Сантьяго-дель-Эстеро;X
ARG_2348;Фед.Стол.Буэнос-Айрес;X
ARG_2372;Сальта;X
ARG_2374;Катамарка-Тукуман;X
ARG_2385;Ла-Риоха;X
ARG_2383;Сан-Луис;X
ARG_2389;Мендоса;X
ARG_2396;Чубут;X
ARG_2400;Огненная Земля;X
NET_2240;Суринам;X
FRA_2241;Гвиана;X
AUS_648;Восточная Венгрия;X
AUS_772;Краина;X
TUR_785;Баня-Лука;X
ENG_71;Новая-Шотландия;X
ENG_70;О-в Принца Эдуарда;X
KOK_1202;Коканд;X
KHI_1198;Бухара;X
JAP_1667;Сикоку;X
JAP_1642;Хоккайдо;X
JAP_1672;Тохоку;X
JAP_1649;Канто;X
JAP_1675;Тюбу;X
JAP_1655;Кансай;X
JAP_1654;Бонин;X
JAP_1660;Кюсю;X
JAP_1640;Тюгоку;X
JAP_1678;Рюкю;X
CHI_1553;Манчжурия;X
HAI_2214;Доминикана;X
PRU_546;Восточная Померания;X
PRU_681;Кюстрин;X
SAR_724;Лигурия;X
form_caucas_title;Конфедерация народов Кавказа;X
form_caucas_desc;Небольшие кавказские народы издревле вели кровопролитную войну друг с другом, однако когда они оказались зажаты между двумя империями - Российской и Оттоманской, народы Кавказа в ускоренном темпе стали искать компромисс, который бы устроил всех. Теперь, когда мы контролируем большую часть наших гор, единое Кавказское государство может воплотиться из мечты в реальность.;X
form_arabia_title;Арабское единство;X
form_arabia_desc;Идея панарабизма, выдвигаемая мыслителями и религиозными деятелями, всегда будоражила умы эмиров и султанов Ближнего Востока. Теперь, когда Оттоманская империя ослабла и не является непреодолимым препятствием, а угроза вторжения христианских оккупантов заставляет забыть о внутренних конфликтах, реставрация единого арабского государства является лишь делом времени.;X
form_indonesia_title;Основать Индонезию;X
form_indonesia_desc;После освобождения Ост-Индских островов от голландского владычества немедленно нависла угроза со стороны Великобритании, Португалии и Японии, да и дряхлая Цинская империя была не против лёгкой добычи. Чтобы сохранить свою независимость, небольшие островные азиатские народы создали единое государство – Индонезию.;X
form_gran_columbia_title;Возрождение Великой Колумбии;X
form_gran_columbia_desc;Великая Колумбия была основана в 1819 году южноамериканскими колонистами, положившими конец испанскому владычеству, однако шкурные интересы местных политиканов взяли верх над сторонниками революционного единства. Сегодня мы продолжаем дело Симона Боливара и возрождаем единое государство во имя свободы всей Южной Америки!;X
form_maghreb_title;Единство Магриба;X
form_maghreb_desc;Изгнание экспедиционных корпусов европейских держав стало всеобщим праздником, но война выявила колоссальную техническую и культурную отсталость стран Магриба от европейских держав и Османской империи. Чтобы выжить, мы должны ликвидировать разрыв и первым шагом будет основание единого Магрибского государства.;X
KOS_reactionary;Неоабсолютистская партия;X
KOS_conservative;Альянс за будущее;X
KOS_liberal;Демократическая лига;X
KOS_anarcho_liberal;Самоопределение;X
KOS_socialist;Левая демократическая партия;X
KOS_communist;Радикальная рабочая партия;X
KOS_fascist;Резистенс;X
KER_conservative;Юнионистская партия;X
KER_liberal;Сыны Корнуолла;X
KER_reactionary;Графская партия;X
KER_anarcho_liberal;Партия независимости;X
KER_socialist;Социалистический альянс;X
KER_communist;Федерация корнуолльских советов;X
KER_fascist;Союз фашистов Корнуолла;X
WHA_conservative;Партия Уэльса;X
WHA_liberal;Партия свободы;X
WHA_reactionary;Союз валлийского народа;X
WHA_anarcho_liberal;Партия независимости;X
WHA_socialist;Вперед, Уэльс;X
WHA_communist;Красный Уэльс;X
WHA_fascist;Армия свободного Уэльса;X
LEB_liberal;Свободное патриотическое движение;X
LEB_reactionary;Амаль;X
LEB_anarcho_liberal;Либертарианская правая партия;X
LEB_socialist;Прогрессивно-социалистическая партия;X
LEB_communist;Коммунистическая партия;X
LEB_fascist;Катаиба;X
LEB_conservative;Мустакбаль;X
GRA_liberal;Партия свободы;X
GRA_reactionary;Суннитская партия;X
GRA_anarcho_liberal;Антиисламсккая партия;X
GRA_socialist;Народный фронт;X
GRA_communist;Регионально-федеративная партия;X
GRA_fascist;Фундаменталистская партия;X
GRA_conservative;Национальный фронт;X
BSQ_liberal;Народный фронт;X
BSQ_reactionary;Карлистская партия;X
BSQ_anarcho_liberal;Партия независимости;X
BSQ_socialist;Эрри батасуна;X
BSQ_communist;Страна басков и свобода;X
BSQ_fascist;Национал-социалистическая партия;X
BSQ_conservative;Националистическая партия;X
GAL_liberal;Националистический блок;X
GAL_reactionary;Правый блок;X
GAL_anarcho_liberal;Радикальная республиканская партия;X
GAL_socialist;Социалистическая партия;X
GAL_communist;Коммунистическая партия;X
GAL_fascist;Партия благоденствия;X
GAL_conservative;Народная партия;X
MCD_liberal;Национал-демократическая партия;X
MCD_reactionary;Абсолютистская партия;X
MCD_anarcho_liberal;Партия свободы;X
MCD_socialist;Социал-демократический союз;X
MCD_communist;Коммунистическая партия;X
MCD_fascist;ВМОРО;X
MCD_conservative;Православная партия;X
OSE_liberal;Партия свободы;X
OSE_reactionary;Партия независимости;X
OSE_anarcho_liberal;Радикальная правая партия;X
OSE_socialist;Социал-демократический альянс;X
OSE_communist;Коммунистическая партия;X
OSE_fascist;Национал-социалистическая партия;X
OSE_conservative;Партия единства;X
CRC_liberal;Национал-демократическая партия;X
CRC_reactionary;Партия сунны;X
CRC_anarcho_liberal;Национал-радикальная партия;X
CRC_socialist;Социалистическая альтернатива;X
CRC_communist;Коммунистическая партия;X
CRC_fascist;Партия национальной справедливости;X
CRC_conservative;Партия свободы;X
ICH_conservative;Суннитская партия;X
ICH_liberal;Федералистская демократическая партия;X
ICH_reactionary;Партия адата;X
ICH_anarcho_liberal;Партия свободы;X
ICH_socialist;Партия справедливости;X
ICH_communist;Марксистская партия;X
ICH_fascist;Имарат Кавказ;X
DAG_conservative;Партия шариата;X
DAG_liberal;Партия свободы;X
DAG_reactionary;Партия адата;X
DAG_anarcho_liberal;Партия братства;X
DAG_socialist;Партия справедливости;X
DAG_communist;Партия равенства;X
DAG_fascist;Джамаат Шариат;X
ABK_conservative;Православно-консервативная партия;X
ABK_liberal;Партия свободного рынка;X
ABK_reactionary;Альянс абхазской традиции;X
ABK_anarcho_liberal;Социал-дарвинистская партия;X
ABK_socialist;Федерация независимых профсоюзов;X
ABK_communist;Революционная альтернатива;X
ABK_fascist;Союз национал-социалистов;X
ARB_conservative;Суннитская арабская партия;X
ARB_liberal;Национал-демократическая партия;X
ARB_reactionary;Братья-мусульмане;X
ARB_anarcho_liberal;Движение свободных офицеров;X
ARB_socialist;БААС;X
ARB_communist;Партия коммунистического действия;X
ARB_fascist;Ваххабитская партия джихада;X
IDO_conservative;Партия национального пробуждения;X
IDO_liberal;Демократическая партия;X
IDO_reactionary;Партия национального мандата;X
IDO_anarcho_liberal;Партия свободы;X
IDO_socialist;Партия функциональных групп;X
IDO_communist;Партия народной совести;X
IDO_fascist;Партия корпоративного единства;X
BHR_conservative;Фракция шуры;X
BHR_liberal;Фракция реформаторов;X
BHR_reactionary;Фракция султана;X
BHR_anarcho_liberal;Фракция радикалов;X
BHR_socialist;БААС;X
BHR_communist;Ячейки коммунистического наступления;X
BHR_fascist;Фракция имама;X
SUD_conservative;Прогрессивная партия;X
SUD_liberal;Национал-демократическая партия;X
SUD_reactionary;Партия легитимистов;X
SUD_anarcho_liberal;Народная армия освобождения;X
SUD_socialist;БААС;X
SUD_communist;Народно-революционная партия;X
SUD_fascist;Национальный исламский фронт;X
ERI_conservative;Партия Народного Единства;X
ERI_liberal;Партия Свободного Развития;X
ERI_reactionary;Абсолютистская партия;X
ERI_anarcho_liberal;Партия Свободного Рынка;X
ERI_socialist;Национальный Конгресс;X
ERI_communist;НФДС;X
ERI_fascist;Национальный Союз;X
MAV_conservative;Роялистская партия;X
MAV_liberal;Национальный союз;X
MAV_reactionary;Суннитская партия;X
MAV_anarcho_liberal;Движение будущего;X
MAV_socialist;БААС;X
MAV_communist;Союз трудящихся;X
MAV_fascist;Партия мавританского народа;X
MAL_conservative;Панафриканский союз;X
MAL_liberal;Альянс за демократию;X
MAL_reactionary;Партия верности королю;X
MAL_anarcho_liberal;Движение радикального обновления;X
MAL_socialist;Партия солидарности и справедливости;X
MAL_communist;Союз коммунистов;X
MAL_fascist;Партия нового порядка;X
LIV_conservative;Партия стабильного развития;X
LIV_liberal;Национально-демократическая партия;X
LIV_reactionary;Орден сенуситов;X
LIV_anarcho_liberal;Республиканский альянс;X
LIV_socialist;БААС;X
LIV_communist;Всеобщий народный конгресс;X
LIV_fascist;Национальный исламский фронт;X
MLT_conservative;Мальтийская партия центра;X
MLT_liberal;Прогрессивно-конституционная партия;X
MLT_reactionary;Националистическая партия;X
MLT_anarcho_liberal;Партия свободы;X
MLT_socialist;Лейбористская партия;X
MLT_communist;Коммунистическая партия;X
MLT_fascist;Национальная фашистская партия;X
IDF_conservative;Жирондисты;X
IDF_liberal;Якобинцы;X
IDF_reactionary;Фельяны;X
IDF_anarcho_liberal;Эбертисты;X
IDF_socialist;Санкюлоты;X
IDF_communist;Парижская Коммуна;X
IDF_fascist;Совет трех;X
BRT_liberal;Чёрный и белый;X
BRT_reactionary;Роялистская партия;X
BRT_anarcho_liberal;Фронт освобождения Бретани;X
BRT_socialist;Социалистический бретонский фронт;X
BRT_communist;Революционная армия Бретани;X
BRT_fascist;Бретонская национальная партия;X
BRT_conservative;Клуб Бретон;X
NRM_liberal;Демократическая партия;X
NRM_reactionary;Движение им. Святого Олафа;X
NRM_anarcho_liberal;Фронт освобождения Нормандии;X
NRM_socialist;Левая альтернатива;X
NRM_communist;Федерация независимых профсоюзов;X
NRM_fascist;Викингское фашистское движение;X
NRM_conservative;Юнионистская партия;X
CHA_conservative;Жирондисты;X
CHA_liberal;Якобинцы;X
CHA_reactionary;Фельяны;X
CHA_anarcho_liberal;Эбертисты;X
CHA_socialist;Санкюлоты;X
CHA_communist;Бабувисты;X
CHA_fascist;Шуаны;X
BRG_liberal;Национал-демократическая партия;X
BRG_reactionary;Роялистская партия;X
BRG_anarcho_liberal;Республиканская альтернатива;X
BRG_socialist;Союз левых сил;X
BRG_communist;Федерация независимых профсоюзов;X
BRG_fascist;Бургундская фаланга;X
BRG_conservative;Консервативная партия;X
COR_liberal;Национальный фронт;X
COR_reactionary;Генуэзская партия;X
COR_anarcho_liberal;Национальный фронт освобождения;X
COR_socialist;Федерация независимых профсоюзов;X
COR_communist;Революционная армия Корсики;X
COR_fascist;Корсиканская народная партия;X
COR_conservative;Паолистская партия;X
OCC_liberal;Окситанская лига;X
OCC_reactionary;Гасконская герцогская партия;X
OCC_anarcho_liberal;Республиканская правая партия;X
OCC_socialist;Федерация независимых профсоюзов;X
OCC_communist;Революционная армия Окситании;X
OCC_fascist;Фашистский союз;X
OCC_conservative;Окситанская правая партия;X
TKG_liberal;Партия свободы;X
TKG_reactionary;Изоляционистская партия;X
TKG_anarcho_liberal;Республиканская альтернатива;X
TKG_socialist;Партия левого курса;X
TKG_communist;Федерация независимых профсоюзов;X
TKG_fascist;Партия чести;X
TKG_conservative;Партия поддержки сёгуна;X
SAC_liberal;Партия свободы;X
SAC_reactionary;Союз верности даймё;X
SAC_anarcho_liberal;Союз радикалов Токусимы;X
SAC_socialist;Союз народного правления;X
SAC_communist;Федерация независимых профсоюзов;X
SAC_fascist;Союз военного правления;X
SAC_conservative;Союз стабильного развития;X
NRD_liberal;Прогрессивная партия;X
NRD_reactionary;Союз русского народа;X
NRD_anarcho_liberal;Северное братство;X
NRD_socialist;Народно-социалистическая партия;X
NRD_communist;Партия кронштадского восстания;X
NRD_fascist;Союз национал-социалистов;X
NRD_conservative;Конституционно-демократическая партия;X
ZLS_liberal;Национал-демократический альянс;X
ZLS_reactionary;Партия королевского правления;X
ZLS_anarcho_liberal;Северное братство;X
ZLS_socialist;Союз левых сил;X
ZLS_communist;РСДРП(б);X
ZLS_fascist;Национал-социалистическая партия;X
ZLS_conservative;Консервативная партия;X
IDL_liberal;Иттифак аль-Муслимин;X
IDL_reactionary;Партия кадимистов;X
IDL_anarcho_liberal;Фронт национального освобождения;X
IDL_socialist;Мусульманский социалистический комитет;X
IDL_communist;РСДРП(б);X
IDL_fascist;Поволжский легион;X
IDL_conservative;Партия джадидистов;X
URA_liberal;Демократическая партия;X
URA_reactionary;Правая лига Урала;X
URA_anarcho_liberal;Партия свободы;X
URA_socialist;КОМУЧ;X
URA_communist;Левые эсеры;X
URA_fascist;УФО;X
URA_conservative;Преображение Урала;X
SIB_liberal;Национал-демократический альянс;X
SIB_reactionary;Омская фракция;X
SIB_anarcho_liberal;Республиканский радикальный союз;X
SIB_socialist;Партия социалистов-революционеров;X
SIB_communist;РСДРП(б);X
SIB_fascist;Партия верховного правления;X
SIB_conservative;Уфимская фракция;X
YAK_liberal;Проамериканская партия;X
YAK_reactionary;Традиционалистская партия;X
YAK_anarcho_liberal;Партия свободы;X
YAK_socialist;Партия справедливости;X
YAK_communist;Партия равенства;X
YAK_fascist;Партия единства;X
YAK_conservative;Пророссийская партия;X
NMR_liberal;Конституционно-демократическая партия;X
NMR_reactionary;Традиционалистская партия;X
NMR_anarcho_liberal;Радикальная партия;X
NMR_socialist;Народно-социалистическая партия;X
NMR_communist;РСДРП;X
NMR_fascist;Союз национал-социалистов;X
NMR_conservative;Националистическая партия;X
PRI_liberal;Зелёный клин;X
PRI_reactionary;Правая лига;X
PRI_anarcho_liberal;Национал-радикальная партия;X
PRI_socialist;Союз социал-демократов;X
PRI_communist;Революционная рабочая партия;X
PRI_fascist;Национал-имперская партия;X
PRI_conservative;Юнионистская партия;X
MEN_liberal;Реформистская фракция;X
MEN_reactionary;Роялистская фракция;X
MEN_anarcho_liberal;Радикальная фракция;X
MEN_socialist;Лига социал-демократов;X
MEN_communist;Коммунистическая партия Китая;X
MEN_fascist;Фашистская партия;X
MEN_conservative;Традиционалистская фракция;X
KAZ_liberal;Отан;X
KAZ_reactionary;Шура-ислами;X
KAZ_anarcho_liberal;Партия патриотов Казахстана;X
KAZ_socialist;Уш Жуз;X
KAZ_communist;Коммунистическая партия Казахстана;X
KAZ_fascist;Партия Алаш;X
KAZ_conservative;Партия Азат;X
TRK_liberal;Движение за автономию;X
TRK_reactionary;Шура-и-Улема;X
TRK_anarcho_liberal;Туркестанская военная организация;X
TRK_socialist;Социал-демократический альянс;X
TRK_communist;Красное басмачество;X
TRK_fascist;Союз национал-социалистов;X
TRK_conservative;Белое басмачество;X
IOR_conservative;Хашимитская партия;X
IOR_liberal;Национал-демократическая партия;X
IOR_reactionary;Братья-мусульмане;X
IOR_anarcho_liberal;Движение свободных офицеров;X
IOR_socialist;БААС;X
IOR_communist;Коммунистеческая партия;X
IOR_fascist;Фронт исламского действия;X
SOM_conservative;Сомалийский конгресс;X
SOM_liberal;Национальный альянс;X
SOM_reactionary;Аш-шабааб;X
SOM_anarcho_liberal;Демократический фронт;X
SOM_socialist;Северный альянс;X
SOM_communist;СРСП;X
SOM_fascist;Союз исламских судов;X
KEN_conservative;Национальный союз;X
KEN_liberal;Партия национального развития;X
KEN_reactionary;Роялистское движение;X
KEN_anarcho_liberal;Партия свободы;X
KEN_socialist;Социал-демократическая партия;X
KEN_communist;Коммунистическая партия;X
KEN_fascist;Панафриканский союз;X
MLD_conservative;Партия развития;X
MLD_liberal;Народный альянс;X
MLD_reactionary;Дивехе Куамее;X
MLD_anarcho_liberal;Республиканская партия;X
MLD_socialist;Социал-демократическая партия;X
MLD_communist;Коммунистическая партия;X
MLD_fascist;Суннитская радикальная партия;X
CEY_conservative;Объединённая национальная партия;X
CEY_liberal;Партия свободы;X
CEY_reactionary;Альянс традиционалистов;X
CEY_anarcho_liberal;Народно-революционный союз;X
CEY_socialist;Социалистическая партия;X
CEY_communist;Коммунистическая партия;X
CEY_fascist;Союз фашистов;X
BEN_conservative;Националистическая партия;X
BEN_liberal;Лига Авами;X
BEN_reactionary;Исламский фронт;X
BEN_anarcho_liberal;Гражданский альянс;X
BEN_socialist;Рабоче-крестьянская лига;X
BEN_communist;Революционная рабочая партия;X
BEN_fascist;Джатия;X
GUY_conservative;Партия единства;X
GUY_liberal;Национально-демократическая партия;X
GUY_reactionary;Альянс патриотов Гайаны;X
GUY_anarcho_liberal;Федерация свободных радикалов;X
GUY_socialist;Народный национальный конгресс;X
GUY_socialist_2;Альянс трудящегося народа;X
GUY_communist;Народная прогрессивная партия;X
GUY_fascist;Интегралистская партия;X
BLZ_conservative;Народная объединённая партия;X
BLZ_liberal;Объединённая демократическая партия;X
BLZ_reactionary;Римско-католическая партия;X
BLZ_anarcho_liberal;Независимое конторное объединение;X
BLZ_socialist;Социал-демократическая партия;X
BLZ_communist;Революционная рабочая партия;X
BLZ_fascist;Интегралистская партия;X
BLK_liberal;Демократический союз;X
BLK_reactionary;Православное братство;X
BLK_anarcho_liberal;Национал-радикальная партия;X
BLK_socialist;Социалистическая партия;X
BLK_communist;Коммунистическая партия;X
BLK_fascist;Союз фашистов;X
BLK_conservative;Народно-трудовой союз;X
ASS_conservative;Движение верности;X
ASS_liberal;Национальный фронт;X
ASS_reactionary;Брахманское движение;X
ASS_anarcho_liberal;Альянс радикального обновления;X
ASS_socialist;Трудовой союз рабочих и крестьян;X
ASS_communist;Союз коммунистов;X
ASS_fascist;Интегралистское движение;X
MGR_conservative;Партия стабильного развития;X
MGR_liberal;Федералистская демократическая партия;X
MGR_reactionary;Орден сенуситов;X
MGR_anarcho_liberal;Народно-республиканская партия;X
MGR_socialist;БААС;X
MGR_communist;Партия коммунистического действия;X
MGR_fascist;Орден маринитов;X
KNM_conservative;Фракция короля;X
KNM_liberal;Фракция реформаторов;X
KNM_reactionary;Фракция вождей;X
KNM_anarcho_liberal;Радикальный альянс;X
KNM_socialist;Национальный конгресс;X
KNM_communist;Союз коммунистов;X
KNM_fascist;Фракция империалистов;X
AMZ_liberal;Либеральная партия;X
AMZ_conservative;Юнионистская партия;X
AMZ_reactionary;Католическая партия;X
AMZ_anarcho_liberal;Партия свободы;X
AMZ_socialist;Социалистическая рабочая партия;X
AMZ_communist;Коммунистическая партия;X
AMZ_fascist;Интегралистская партия;X
GRL_liberal;Демократическая партия;X
GRL_conservative;Консервативная партия;X
GRL_reactionary;Изоляционистская партия;X
GRL_anarcho_liberal;Партия свободы;X
GRL_socialist;Социал-демократическая партия;X
GRL_communist;Коммунистическая партия;X
GRL_fascist;Национал-социалистическая партия;X
GRL_liberal;Демократическая партия;X
TIR_conservative;Консервативная партия;X
TIR_liberal;Национал-демократическая партия;X
TIR_reactionary;Католическая партия;X
TIR_anarcho_liberal;Национал-радикальная партия;X
TIR_socialist;Левая рабочая партия;X
TIR_communist;Коммунистическая партия;X
TIR_fascist;Национальная фашистская партия;X
RPL_conservative;Союз Отечества;X
RPL_liberal;Либерально-демократическая партия;X
RPL_reactionary;Христианская правая партия;X
RPL_anarcho_liberal;Новые демократы;X
RPL_socialist;Социал-демократическая партия;X
RPL_communist;Коммунистическая партия;X
RPL_fascist;Национально-радикальный лагерь;X
DNB_conservative;Федеративно-клерикальная партия;X
DNB_liberal;Демократическая партия;X
DNB_reactionary;Консервативная правая партия;X
DNB_anarcho_liberal;Союз 15 марта;X
DNB_socialist;Христианская социалистическая партия;X
DNB_communist;Коммунистическая партия;X
DNB_fascist;Партия скрещенных стрел;X
DUR_conservative;Федеративно-мусульманская партия;X
DUR_liberal;Либерально-реформистская партия;X
DUR_reactionary;Абсолютистская партия;X
DUR_anarcho_liberal;Народно-республиканская партия;X
DUR_socialist;БААС;X
DUR_communist;Партия коммунистического действия;X
DUR_fascist;Партия фашистского обновления;X
CSC_conservative;Республиканская партия;X
CSC_liberal;Демократическая партия;X
CSC_reactionary;Католическая партия;X
CSC_anarcho_liberal;Юнионистская партия;X
CSC_socialist;Социалистический альянс;X
CSC_communist;Коммунистическая партия;X
CSC_fascist;Национал-социалистическое движение;X